{
  "run_date": "2026-05-01T23:09:40.705197",
  "run_id": "run2_2541_pairs_n57",
  "held_out_tasks": 57,
  "model": "qwen/qwen-2.5-72b-instruct",
  "seed": 42,
  "training_pairs": 2541,
  "scores": {
    "baseline": [
      1.0,
      0.0,
      1.0,
      1.0,
      0.0,
      0.0,
      0.0,
      1.0,
      0.0,
      1.0,
      1.0,
      0.0,
      1.0,
      0.0,
      1.0,
      1.0,
      0.0,
      1.0,
      0.0,
      1.0,
      1.0,
      1.0,
      1.0,
      0.0,
      1.0,
      0.0,
      1.0,
      0.0,
      1.0,
      0.0,
      1.0,
      1.0,
      1.0,
      0.0,
      1.0,
      0.0,
      0.0,
      1.0,
      0.0,
      0.0,
      1.0,
      1.0,
      1.0,
      0.0,
      1.0,
      1.0,
      1.0,
      0.0,
      0.0,
      0.0,
      0.0,
      0.0,
      0.0,
      0.0,
      0.0,
      0.0,
      0.0
    ],
    "prompt_engineered": [
      0.0,
      1.0,
      1.0,
      0.0,
      1.0,
      0.0,
      0.0,
      0.0,
      1.0,
      1.0,
      1.0,
      1.0,
      0.0,
      1.0,
      1.0,
      1.0,
      0.0,
      0.0,
      1.0,
      1.0,
      1.0,
      1.0,
      0.0,
      1.0,
      0.0,
      1.0,
      1.0,
      0.0,
      0.0,
      0.0,
      1.0,
      1.0,
      1.0,
      1.0,
      1.0,
      1.0,
      1.0,
      1.0,
      1.0,
      1.0,
      1.0,
      1.0,
      1.0,
      1.0,
      1.0,
      0.0,
      0.0,
      0.0,
      0.0,
      0.0,
      1.0,
      1.0,
      0.0,
      0.0,
      0.0,
      1.0,
      0.0
    ],
    "trained_adapter": [
      1.0,
      1.0,
      1.0,
      1.0,
      0.0,
      1.0,
      1.0,
      1.0,
      1.0,
      1.0,
      1.0,
      1.0,
      1.0,
      1.0,
      1.0,
      1.0,
      0.0,
      1.0,
      0.0,
      1.0,
      1.0,
      1.0,
      1.0,
      0.0,
      1.0,
      1.0,
      1.0,
      0.0,
      0.0,
      0.0,
      1.0,
      1.0,
      1.0,
      1.0,
      1.0,
      1.0,
      1.0,
      1.0,
      1.0,
      1.0,
      1.0,
      1.0,
      1.0,
      1.0,
      1.0,
      1.0,
      1.0,
      0.0,
      0.0,
      0.0,
      1.0,
      1.0,
      0.0,
      0.0,
      0.0,
      1.0,
      0.0
    ]
  },
  "averages": {
    "baseline": 0.49122807017543857,
    "prompt_engineered": 0.6140350877192983,
    "trained_adapter": 0.7543859649122807
  },
  "delta_a": 0.26315789473684215,
  "delta_b": 0.14035087719298245,
  "delta_c": 0.4213859649122807,
  "delta_c_note": "informational \u2014 reuses Week 10 tau2-Bench score 0.333",
  "statistical_test": {
    "method": "paired bootstrap",
    "n_bootstrap": 10000,
    "seed": 42,
    "ci_95_low": 0.14035087719298245,
    "ci_95_high": 0.3859649122807018,
    "p_value": 0.0,
    "significant": true
  },
  "cost_pareto": {
    "cost_per_task_baseline_usd": 0.00012,
    "cost_per_task_trained_usd": 0.00012,
    "lora_training_cost_usd": 0.0,
    "training_platform": "Google Colab T4 (free)"
  },
  "week10_tau2_baseline": 0.333
}