{
  "test": "paired_bootstrap",
  "n_bootstrap": 10000,
  "seed": 42,
  "n_tasks": 57,
  "delta_a": 0.26315789473684215,
  "ci_95_low": 0.14035087719298245,
  "ci_95_high": 0.3859649122807018,
  "p_value": 0.0,
  "significant": true,
  "interpretation": "Delta A = 0.263, 95% CI [0.140, 0.386], p=0.0000"
}